t_s,iso,phase,round,mV,mA,mW
0.07,2026-08-31T16:19:43,off,1,4997,66,329
0.63,2026-08-31T16:19:43,off,1,0,0,0
1.21,2026-08-31T16:19:44,off,1,0,0,0
1.78,2026-08-31T16:19:44,off,1,0,0,0
2.35,2026-08-31T16:19:45,off,1,0,0,0
2.94,2026-08-31T16:19:46,off,1,0,0,0
3.52,2026-08-31T16:19:46,off,1,0,0,0
4.09,2026-08-31T16:19:47,off,1,0,0,0
4.66,2026-08-31T16:19:47,off,1,0,0,0
5.23,2026-08-31T16:19:48,off,1,0,0,0
5.81,2026-08-31T16:19:48,on,1,4997,90,449
6.40,2026-08-31T16:19:49,on,1,4996,86,429
6.97,2026-08-31T16:19:50,on,1,4997,86,429
7.55,2026-08-31T16:19:50,on,1,4996,88,439
8.13,2026-08-31T16:19:51,on,1,4996,88,439
8.71,2026-08-31T16:19:51,idle,1,4997,89,444
9.29,2026-08-31T16:19:52,read,1,4998,90,449
9.85,2026-08-31T16:19:53,read,1,4999,67,334
10.43,2026-08-31T16:19:53,read,1,4998,67,334
11.01,2026-08-31T16:19:54,read,1,4997,66,329
11.59,2026-08-31T16:19:54,read,1,4998,67,334
12.18,2026-08-31T16:19:55,read,1,4999,67,334
12.74,2026-08-31T16:19:55,read,1,5002,67,335
13.31,2026-08-31T16:19:56,read,1,4998,67,334
13.88,2026-08-31T16:19:57,read,1,4997,67,334
14.45,2026-08-31T16:19:57,read,1,4997,67,334
15.03,2026-08-31T16:19:58,read,1,4999,66,329
15.62,2026-08-31T16:19:58,read,1,4998,67,334
16.21,2026-08-31T16:19:59,read,1,4997,67,334
16.78,2026-08-31T16:19:59,read,1,4998,66,329
17.35,2026-08-31T16:20:00,read,1,4998,67,334
17.93,2026-08-31T16:20:01,read,1,4999,67,334
18.50,2026-08-31T16:20:01,read,1,4999,66,329
19.07,2026-08-31T16:20:02,read,1,4998,67,334
19.65,2026-08-31T16:20:02,read,1,4997,67,334
20.23,2026-08-31T16:20:03,read,1,4996,66,329
20.80,2026-08-31T16:20:03,read,1,4997,66,329
21.38,2026-08-31T16:20:04,read,1,4998,67,334
21.96,2026-08-31T16:20:05,read,1,4997,66,329
22.53,2026-08-31T16:20:05,read,1,4997,66,329
23.09,2026-08-31T16:20:06,read,1,4996,67,334
23.67,2026-08-31T16:20:06,read,1,4997,67,334
24.25,2026-08-31T16:20:07,read,1,4996,66,329
24.83,2026-08-31T16:20:07,read,1,4995,66,329
25.40,2026-08-31T16:20:08,read,1,4996,66,329
25.97,2026-08-31T16:20:09,read,1,4997,66,329
26.55,2026-08-31T16:20:09,read,1,4999,67,334
27.12,2026-08-31T16:20:10,read,1,5000,68,340
27.70,2026-08-31T16:20:10,read,1,4999,67,334
28.28,2026-08-31T16:20:11,read,1,4999,67,334
28.87,2026-08-31T16:20:12,read,1,4998,67,334
29.45,2026-08-31T16:20:12,read,1,4997,66,329
30.02,2026-08-31T16:20:13,read,1,4998,67,334
30.59,2026-08-31T16:20:13,read,1,4998,67,334
31.17,2026-08-31T16:20:14,read,1,4998,66,329
31.75,2026-08-31T16:20:14,read,1,4999,67,334
32.33,2026-08-31T16:20:15,read,1,4997,67,334
32.91,2026-08-31T16:20:16,read,1,4998,67,334
33.49,2026-08-31T16:20:16,read,1,4996,67,334
34.06,2026-08-31T16:20:17,read,1,4998,67,334
34.63,2026-08-31T16:20:17,read,1,4997,66,329
35.22,2026-08-31T16:20:18,read,1,4997,66,329
35.80,2026-08-31T16:20:18,read,1,4998,67,334
36.37,2026-08-31T16:20:19,read,1,4998,66,329
36.94,2026-08-31T16:20:20,read,1,4997,66,329
37.52,2026-08-31T16:20:20,read,1,4998,67,334
38.09,2026-08-31T16:20:21,read,1,4997,67,334
38.68,2026-08-31T16:20:21,read,1,4997,66,329
39.26,2026-08-31T16:20:22,read,1,4999,67,334
39.85,2026-08-31T16:20:23,read,1,4996,66,329
40.42,2026-08-31T16:20:23,read,1,4999,66,329
41.01,2026-08-31T16:20:24,read,1,4998,67,334
41.60,2026-08-31T16:20:24,read,1,4997,66,329
42.17,2026-08-31T16:20:25,read,1,4997,67,334
42.75,2026-08-31T16:20:25,read,1,4998,66,329
43.33,2026-08-31T16:20:26,read,1,4998,66,329
43.89,2026-08-31T16:20:27,read,1,4997,66,329
44.46,2026-08-31T16:20:27,read,1,4998,67,334
45.05,2026-08-31T16:20:28,read,1,4998,67,334
45.62,2026-08-31T16:20:28,read,1,4998,67,334
46.18,2026-08-31T16:20:29,read,1,4998,67,334
46.76,2026-08-31T16:20:29,read,1,4999,67,334
47.34,2026-08-31T16:20:30,read,1,4997,66,329
47.91,2026-08-31T16:20:31,read,1,4998,67,334
48.49,2026-08-31T16:20:31,read,1,4998,67,334
49.06,2026-08-31T16:20:32,read,1,4999,66,329
49.64,2026-08-31T16:20:32,read,1,4999,67,334
50.21,2026-08-31T16:20:33,read,1,4999,67,334
50.77,2026-08-31T16:20:33,read,1,4999,67,334
51.35,2026-08-31T16:20:34,read,1,4999,66,329
51.92,2026-08-31T16:20:35,read,1,4999,66,329
52.49,2026-08-31T16:20:35,read,1,4998,67,334
53.08,2026-08-31T16:20:36,read,1,4997,66,329
53.66,2026-08-31T16:20:36,read,1,4997,67,334
54.24,2026-08-31T16:20:37,read,1,4994,66,329
54.82,2026-08-31T16:20:37,read,1,4997,66,329
55.39,2026-08-31T16:20:38,read,1,4998,67,334
55.96,2026-08-31T16:20:39,read,1,4998,67,334
56.54,2026-08-31T16:20:39,read,1,4997,66,329
57.11,2026-08-31T16:20:40,read,1,4997,66,329
57.69,2026-08-31T16:20:40,read,1,4995,66,329
58.27,2026-08-31T16:20:41,read,1,4996,66,329
58.85,2026-08-31T16:20:42,read,1,4997,66,329
59.42,2026-08-31T16:20:42,read,1,4998,67,334
60.00,2026-08-31T16:20:43,read,1,4997,66,329
60.58,2026-08-31T16:20:43,read,1,4995,66,329
61.17,2026-08-31T16:20:44,read,1,4996,67,334
61.75,2026-08-31T16:20:44,read,1,4994,66,329
62.33,2026-08-31T16:20:45,read,1,4997,66,329
62.91,2026-08-31T16:20:46,read,1,4997,67,334
63.48,2026-08-31T16:20:46,read,1,4997,66,329
64.06,2026-08-31T16:20:47,read,1,4999,66,329
64.63,2026-08-31T16:20:47,read,1,4995,66,329
65.20,2026-08-31T16:20:48,read,1,4998,66,329
65.79,2026-08-31T16:20:48,read,1,4996,66,329
66.36,2026-08-31T16:20:49,read,1,4996,66,329
66.93,2026-08-31T16:20:50,read,1,4996,66,329
67.51,2026-08-31T16:20:50,read,1,4998,66,329
68.09,2026-08-31T16:20:51,read,1,4997,67,334
68.65,2026-08-31T16:20:51,read,1,4998,67,334
69.23,2026-08-31T16:20:52,read,1,4996,66,329
69.80,2026-08-31T16:20:52,read,1,4995,66,329
70.38,2026-08-31T16:20:53,read,1,4997,67,334
70.95,2026-08-31T16:20:54,read,1,4997,66,329
71.52,2026-08-31T16:20:54,read,1,4997,66,329
72.10,2026-08-31T16:20:55,read,1,4996,66,329
72.68,2026-08-31T16:20:55,read,1,4998,67,334
73.26,2026-08-31T16:20:56,read,1,4997,66,329
73.84,2026-08-31T16:20:56,read,1,4997,67,334
74.41,2026-08-31T16:20:57,read,1,4997,67,334
74.99,2026-08-31T16:20:58,read,1,4997,66,329
75.56,2026-08-31T16:20:58,read,1,4998,66,329
76.13,2026-08-31T16:20:59,read,1,4996,67,334
76.71,2026-08-31T16:20:59,read,1,4997,66,329
77.29,2026-08-31T16:21:00,read,1,4995,66,329
77.87,2026-08-31T16:21:01,read,1,4997,67,334
78.45,2026-08-31T16:21:01,read,1,4997,66,329
79.03,2026-08-31T16:21:02,read,1,4997,66,329
79.60,2026-08-31T16:21:02,read,1,4996,67,334
80.18,2026-08-31T16:21:03,read,1,4997,66,329
80.75,2026-08-31T16:21:03,read,1,4998,66,329
81.32,2026-08-31T16:21:04,read,1,4998,66,329
81.88,2026-08-31T16:21:05,read,1,4999,67,334
82.47,2026-08-31T16:21:05,read,1,4998,66,329
83.05,2026-08-31T16:21:06,read,1,4999,67,334
83.63,2026-08-31T16:21:06,read,1,4997,67,334
84.21,2026-08-31T16:21:07,read,1,4998,66,329
84.81,2026-08-31T16:21:07,read,1,4997,67,334
85.38,2026-08-31T16:21:08,read,1,4997,66,329
85.94,2026-08-31T16:21:09,read,1,4997,66,329
86.53,2026-08-31T16:21:09,read,1,4997,67,334
87.12,2026-08-31T16:21:10,read,1,4997,66,329
87.71,2026-08-31T16:21:10,read,1,4999,67,334
88.28,2026-08-31T16:21:11,read,1,4997,66,329
88.87,2026-08-31T16:21:12,read,1,4999,66,329
89.46,2026-08-31T16:21:12,read,1,4998,67,334
90.03,2026-08-31T16:21:13,read,1,4997,66,329
90.59,2026-08-31T16:21:13,read,1,4998,66,329
91.17,2026-08-31T16:21:14,read,1,4996,66,329
91.75,2026-08-31T16:21:14,read,1,4997,67,334
92.33,2026-08-31T16:21:15,read,1,4997,66,329
92.90,2026-08-31T16:21:16,read,1,4997,66,329
93.48,2026-08-31T16:21:16,read,1,4996,67,334
94.07,2026-08-31T16:21:17,read,1,4997,66,329
94.64,2026-08-31T16:21:17,read,1,4998,67,334
95.22,2026-08-31T16:21:18,read,1,4999,67,334
95.79,2026-08-31T16:21:18,read,1,4997,66,329
96.36,2026-08-31T16:21:19,read,1,4998,66,329
96.94,2026-08-31T16:21:20,read,1,4999,67,334
97.51,2026-08-31T16:21:20,read,1,4998,67,334
98.08,2026-08-31T16:21:21,read,1,4999,66,329
98.66,2026-08-31T16:21:21,read,1,4999,67,334
99.24,2026-08-31T16:21:22,read,1,4998,67,334
99.83,2026-08-31T16:21:22,read,1,4997,66,329
100.41,2026-08-31T16:21:23,read,1,4995,66,329
100.98,2026-08-31T16:21:24,read,1,4996,66,329
101.55,2026-08-31T16:21:24,read,1,4996,66,329
102.13,2026-08-31T16:21:25,read,1,4997,66,329
102.71,2026-08-31T16:21:25,read,1,4996,66,329
103.28,2026-08-31T16:21:26,read,1,4997,66,329
103.87,2026-08-31T16:21:27,read,1,4998,67,334
104.53,2026-08-31T16:21:27,done,1,4998,64,319
105.12,2026-08-31T16:21:28,off,2,0,0,0
105.71,2026-08-31T16:21:28,off,2,0,0,0
106.29,2026-08-31T16:21:29,off,2,0,0,0
106.85,2026-08-31T16:21:30,off,2,0,0,0
107.43,2026-08-31T16:21:30,off,2,0,0,0
108.01,2026-08-31T16:21:31,off,2,0,0,0
108.59,2026-08-31T16:21:31,off,2,0,0,0
109.17,2026-08-31T16:21:32,off,2,0,0,0
109.75,2026-08-31T16:21:32,off,2,0,0,0
110.34,2026-08-31T16:21:33,on,2,4997,91,454
110.94,2026-08-31T16:21:34,on,2,4995,86,429
111.53,2026-08-31T16:21:34,on,2,4996,86,429
112.10,2026-08-31T16:21:35,on,2,4998,90,449
112.68,2026-08-31T16:21:35,on,2,4997,89,444
113.27,2026-08-31T16:21:36,idle,2,4995,89,444
113.86,2026-08-31T16:21:37,read,2,4997,91,454
114.43,2026-08-31T16:21:37,read,2,4997,68,339
115.01,2026-08-31T16:21:38,read,2,4997,68,339
115.58,2026-08-31T16:21:38,read,2,4997,65,324
116.16,2026-08-31T16:21:39,read,2,4997,67,334
116.74,2026-08-31T16:21:39,read,2,4998,67,334
117.32,2026-08-31T16:21:40,read,2,4997,66,329
117.89,2026-08-31T16:21:41,read,2,4997,67,334
118.47,2026-08-31T16:21:41,read,2,4996,67,334
119.05,2026-08-31T16:21:42,read,2,4996,66,329
119.62,2026-08-31T16:21:42,read,2,4996,66,329
120.20,2026-08-31T16:21:43,read,2,4997,67,334
120.79,2026-08-31T16:21:43,read,2,4996,66,329
121.36,2026-08-31T16:21:44,read,2,4997,66,329
121.92,2026-08-31T16:21:45,read,2,4998,67,334
122.50,2026-08-31T16:21:45,read,2,4996,66,329
123.07,2026-08-31T16:21:46,read,2,4998,66,329
123.65,2026-08-31T16:21:46,read,2,4996,67,334
124.22,2026-08-31T16:21:47,read,2,4997,67,334
124.80,2026-08-31T16:21:47,read,2,4996,66,329
125.36,2026-08-31T16:21:48,read,2,4998,67,334
125.93,2026-08-31T16:21:49,read,2,4997,67,334
126.49,2026-08-31T16:21:49,read,2,4997,67,334
127.07,2026-08-31T16:21:50,read,2,4997,66,329
127.64,2026-08-31T16:21:50,read,2,4997,66,329
128.21,2026-08-31T16:21:51,read,2,4995,67,334
128.79,2026-08-31T16:21:51,read,2,5000,67,335
129.36,2026-08-31T16:21:52,read,2,4995,66,329
129.94,2026-08-31T16:21:53,read,2,4997,67,334
130.52,2026-08-31T16:21:53,read,2,4997,67,334
131.09,2026-08-31T16:21:54,read,2,4996,66,329
131.67,2026-08-31T16:21:54,read,2,4997,67,334
132.25,2026-08-31T16:21:55,read,2,4998,67,334
132.82,2026-08-31T16:21:55,read,2,4997,66,329
133.40,2026-08-31T16:21:56,read,2,4997,66,329
133.98,2026-08-31T16:21:57,read,2,4994,66,329
134.55,2026-08-31T16:21:57,read,2,4995,66,329
135.13,2026-08-31T16:21:58,read,2,4996,66,329
135.72,2026-08-31T16:21:58,read,2,4997,67,334
136.29,2026-08-31T16:21:59,read,2,4996,66,329
136.86,2026-08-31T16:22:00,read,2,4998,66,329
137.45,2026-08-31T16:22:00,read,2,4998,67,334
138.02,2026-08-31T16:22:01,read,2,4996,66,329
138.59,2026-08-31T16:22:01,read,2,4998,66,329
139.17,2026-08-31T16:22:02,read,2,4995,66,329
139.74,2026-08-31T16:22:02,read,2,4996,66,329
140.32,2026-08-31T16:22:03,read,2,4998,66,329
140.90,2026-08-31T16:22:04,read,2,4996,66,329
141.48,2026-08-31T16:22:04,read,2,4996,66,329
142.05,2026-08-31T16:22:05,read,2,4996,66,329
142.62,2026-08-31T16:22:05,read,2,4996,66,329
143.19,2026-08-31T16:22:06,read,2,4993,66,329
143.77,2026-08-31T16:22:06,read,2,4996,66,329
144.37,2026-08-31T16:22:07,read,2,4996,66,329
144.94,2026-08-31T16:22:08,read,2,4996,66,329
145.51,2026-08-31T16:22:08,read,2,4998,66,329
146.09,2026-08-31T16:22:09,read,2,4995,66,329
146.66,2026-08-31T16:22:09,read,2,4997,66,329
147.24,2026-08-31T16:22:10,read,2,4997,66,329
147.83,2026-08-31T16:22:10,read,2,4995,66,329
148.40,2026-08-31T16:22:11,read,2,4995,66,329
148.98,2026-08-31T16:22:12,read,2,4996,66,329
149.55,2026-08-31T16:22:12,read,2,4994,66,329
150.11,2026-08-31T16:22:13,read,2,4994,66,329
150.69,2026-08-31T16:22:13,read,2,4994,66,329
151.26,2026-08-31T16:22:14,read,2,4996,66,329
151.85,2026-08-31T16:22:15,read,2,4996,66,329
152.42,2026-08-31T16:22:15,read,2,4997,66,329
152.98,2026-08-31T16:22:16,read,2,4998,66,329
153.56,2026-08-31T16:22:16,read,2,4997,66,329
154.13,2026-08-31T16:22:17,read,2,4996,66,329
154.70,2026-08-31T16:22:17,read,2,4995,66,329
155.28,2026-08-31T16:22:18,read,2,4995,65,324
155.86,2026-08-31T16:22:19,read,2,4996,66,329
156.45,2026-08-31T16:22:19,read,2,4995,66,329
157.03,2026-08-31T16:22:20,read,2,4995,66,329
157.62,2026-08-31T16:22:20,read,2,4995,66,329
158.21,2026-08-31T16:22:21,read,2,4997,66,329
158.78,2026-08-31T16:22:21,read,2,4997,66,329
159.35,2026-08-31T16:22:22,read,2,4995,66,329
159.93,2026-08-31T16:22:23,read,2,4996,66,329
160.51,2026-08-31T16:22:23,read,2,4996,66,329
161.09,2026-08-31T16:22:24,read,2,4995,66,329
161.66,2026-08-31T16:22:24,read,2,4998,66,329
162.24,2026-08-31T16:22:25,read,2,4996,66,329
162.82,2026-08-31T16:22:25,read,2,4996,66,329
163.40,2026-08-31T16:22:26,read,2,4996,66,329
163.97,2026-08-31T16:22:27,read,2,4995,66,329
164.54,2026-08-31T16:22:27,read,2,4995,67,334
165.12,2026-08-31T16:22:28,read,2,4995,66,329
165.70,2026-08-31T16:22:28,read,2,4996,66,329
166.27,2026-08-31T16:22:29,read,2,4997,67,334
166.86,2026-08-31T16:22:30,read,2,4996,66,329
167.46,2026-08-31T16:22:30,read,2,4997,66,329
168.04,2026-08-31T16:22:31,read,2,4996,66,329
168.63,2026-08-31T16:22:31,read,2,4996,66,329
169.21,2026-08-31T16:22:32,read,2,4996,67,334
169.79,2026-08-31T16:22:32,read,2,4998,66,329
170.37,2026-08-31T16:22:33,read,2,4997,66,329
170.94,2026-08-31T16:22:34,read,2,4996,67,334
171.51,2026-08-31T16:22:34,read,2,4995,66,329
172.09,2026-08-31T16:22:35,read,2,4997,66,329
172.67,2026-08-31T16:22:35,read,2,4995,66,329
173.24,2026-08-31T16:22:36,read,2,4997,66,329
173.83,2026-08-31T16:22:36,read,2,4997,66,329
174.40,2026-08-31T16:22:37,read,2,4999,67,334
174.97,2026-08-31T16:22:38,read,2,4998,66,329
175.54,2026-08-31T16:22:38,read,2,4999,66,329
176.12,2026-08-31T16:22:39,read,2,4997,66,329
176.70,2026-08-31T16:22:39,read,2,4998,67,334
177.27,2026-08-31T16:22:40,read,2,4997,66,329
177.84,2026-08-31T16:22:40,read,2,4996,66,329
178.42,2026-08-31T16:22:41,read,2,4996,67,334
178.99,2026-08-31T16:22:42,read,2,4994,66,329
179.56,2026-08-31T16:22:42,read,2,4996,66,329
180.14,2026-08-31T16:22:43,read,2,4996,67,334
180.71,2026-08-31T16:22:43,read,2,4996,66,329
181.29,2026-08-31T16:22:44,read,2,4997,66,329
181.87,2026-08-31T16:22:45,read,2,4996,66,329
182.44,2026-08-31T16:22:45,read,2,4996,67,334
183.02,2026-08-31T16:22:46,read,2,4997,66,329
183.59,2026-08-31T16:22:46,read,2,4998,66,329
184.17,2026-08-31T16:22:47,read,2,4997,67,334
184.76,2026-08-31T16:22:47,read,2,4996,66,329
185.33,2026-08-31T16:22:48,read,2,4995,66,329
185.91,2026-08-31T16:22:49,read,2,4995,66,329
186.49,2026-08-31T16:22:49,read,2,4995,66,329
187.07,2026-08-31T16:22:50,read,2,4998,67,334
187.65,2026-08-31T16:22:50,read,2,4996,67,334
188.23,2026-08-31T16:22:51,read,2,4995,65,324
188.80,2026-08-31T16:22:51,read,2,4999,67,334
189.37,2026-08-31T16:22:52,read,2,4998,67,334
189.95,2026-08-31T16:22:53,read,2,4997,66,329
190.53,2026-08-31T16:22:53,read,2,4997,66,329
191.10,2026-08-31T16:22:54,read,2,4999,67,334
191.67,2026-08-31T16:22:54,read,2,4998,66,329
192.25,2026-08-31T16:22:55,read,2,4995,65,324
192.83,2026-08-31T16:22:55,read,2,4997,67,334
193.40,2026-08-31T16:22:56,read,2,4996,66,329
193.98,2026-08-31T16:22:57,read,2,4996,66,329
194.55,2026-08-31T16:22:57,read,2,4995,66,329
195.12,2026-08-31T16:22:58,read,2,4996,66,329
195.70,2026-08-31T16:22:58,read,2,4996,66,329
196.28,2026-08-31T16:22:59,read,2,4995,66,329
196.85,2026-08-31T16:23:00,read,2,4997,67,334
197.42,2026-08-31T16:23:00,read,2,4997,66,329
198.00,2026-08-31T16:23:01,read,2,4994,65,324
198.57,2026-08-31T16:23:01,read,2,4996,66,329
199.15,2026-08-31T16:23:02,read,2,4997,66,329
199.73,2026-08-31T16:23:02,read,2,4994,65,324
200.31,2026-08-31T16:23:03,read,2,4996,66,329
200.88,2026-08-31T16:23:04,read,2,4996,66,329
201.46,2026-08-31T16:23:04,read,2,4997,66,329
202.03,2026-08-31T16:23:05,read,2,4994,66,329
202.61,2026-08-31T16:23:05,read,2,4996,67,334
203.18,2026-08-31T16:23:06,read,2,4996,66,329
203.76,2026-08-31T16:23:06,read,2,4995,66,329
204.34,2026-08-31T16:23:07,read,2,4996,67,334
204.92,2026-08-31T16:23:08,read,2,4997,66,329
205.49,2026-08-31T16:23:08,read,2,4997,66,329
206.06,2026-08-31T16:23:09,read,2,4998,67,334
206.65,2026-08-31T16:23:09,read,2,4997,66,329
207.24,2026-08-31T16:23:10,read,2,4996,66,329
207.82,2026-08-31T16:23:10,read,2,4997,67,334
208.39,2026-08-31T16:23:11,read,2,4996,66,329
208.97,2026-08-31T16:23:12,read,2,4996,66,329
209.62,2026-08-31T16:23:12,off,3,0,0,0
210.23,2026-08-31T16:23:13,off,3,0,0,0
210.81,2026-08-31T16:23:13,off,3,0,0,0
211.38,2026-08-31T16:23:14,off,3,0,0,0
211.95,2026-08-31T16:23:15,off,3,0,0,0
212.52,2026-08-31T16:23:15,off,3,0,0,0
213.09,2026-08-31T16:23:16,off,3,0,0,0
213.68,2026-08-31T16:23:16,off,3,0,0,0
214.25,2026-08-31T16:23:17,off,3,0,0,0
214.91,2026-08-31T16:23:18,on,3,4996,92,459
215.53,2026-08-31T16:23:18,on,3,4997,86,429
216.10,2026-08-31T16:23:19,on,3,4997,86,429
216.68,2026-08-31T16:23:19,on,3,4996,89,444
217.27,2026-08-31T16:23:20,on,3,4997,89,444
217.85,2026-08-31T16:23:21,idle,3,4996,89,444
218.48,2026-08-31T16:23:21,read,3,4997,91,454
219.06,2026-08-31T16:23:22,read,3,4998,68,339
219.63,2026-08-31T16:23:22,read,3,4996,67,334
220.23,2026-08-31T16:23:23,read,3,4996,66,329
220.80,2026-08-31T16:23:23,read,3,4997,67,334
221.37,2026-08-31T16:23:24,read,3,4997,66,329
221.95,2026-08-31T16:23:25,read,3,4996,66,329
222.53,2026-08-31T16:23:25,read,3,4993,66,329
223.11,2026-08-31T16:23:26,read,3,4995,66,329
223.69,2026-08-31T16:23:26,read,3,4995,66,329
224.28,2026-08-31T16:23:27,read,3,4996,67,334
224.86,2026-08-31T16:23:28,read,3,4995,66,329
225.44,2026-08-31T16:23:28,read,3,4996,66,329
226.02,2026-08-31T16:23:29,read,3,4997,67,334
226.62,2026-08-31T16:23:29,read,3,4994,66,329
227.19,2026-08-31T16:23:30,read,3,4996,67,334
227.78,2026-08-31T16:23:30,read,3,4996,66,329
228.34,2026-08-31T16:23:31,read,3,4996,66,329
228.92,2026-08-31T16:23:32,read,3,4996,67,334
229.49,2026-08-31T16:23:32,read,3,4996,66,329
230.06,2026-08-31T16:23:33,read,3,4997,66,329
230.64,2026-08-31T16:23:33,read,3,4996,67,334
231.22,2026-08-31T16:23:34,read,3,4996,66,329
231.80,2026-08-31T16:23:34,read,3,4995,66,329
232.39,2026-08-31T16:23:35,read,3,4996,67,334
232.96,2026-08-31T16:23:36,read,3,4997,66,329
233.53,2026-08-31T16:23:36,read,3,4997,66,329
234.11,2026-08-31T16:23:37,read,3,4997,67,334
234.68,2026-08-31T16:23:37,read,3,4996,66,329
235.27,2026-08-31T16:23:38,read,3,4996,66,329
235.85,2026-08-31T16:23:39,read,3,4996,66,329
236.45,2026-08-31T16:23:39,read,3,4996,66,329
237.01,2026-08-31T16:23:40,read,3,4995,66,329
237.58,2026-08-31T16:23:40,read,3,4996,67,334
238.15,2026-08-31T16:23:41,read,3,4995,66,329
238.74,2026-08-31T16:23:41,read,3,4998,66,329
239.31,2026-08-31T16:23:42,read,3,4996,66,329
239.89,2026-08-31T16:23:43,read,3,4997,66,329
240.46,2026-08-31T16:23:43,read,3,4996,66,329
241.03,2026-08-31T16:23:44,read,3,4996,66,329
241.61,2026-08-31T16:23:44,read,3,4998,67,334
242.19,2026-08-31T16:23:45,read,3,4997,66,329
242.76,2026-08-31T16:23:45,read,3,4996,66,329
243.34,2026-08-31T16:23:46,read,3,4996,67,334
243.92,2026-08-31T16:23:47,read,3,4997,66,329
244.50,2026-08-31T16:23:47,read,3,4997,66,329
245.07,2026-08-31T16:23:48,read,3,4996,67,334
245.65,2026-08-31T16:23:48,read,3,4995,66,329
246.22,2026-08-31T16:23:49,read,3,4996,66,329
246.79,2026-08-31T16:23:49,read,3,4995,66,329
247.37,2026-08-31T16:23:50,read,3,4995,66,329
247.95,2026-08-31T16:23:51,read,3,4994,65,324
248.53,2026-08-31T16:23:51,read,3,4995,66,329
249.09,2026-08-31T16:23:52,read,3,4996,66,329
249.68,2026-08-31T16:23:52,read,3,4997,66,329
250.25,2026-08-31T16:23:53,read,3,4996,66,329
250.82,2026-08-31T16:23:53,read,3,4995,66,329
251.40,2026-08-31T16:23:54,read,3,4997,66,329
251.97,2026-08-31T16:23:55,read,3,4996,66,329
252.55,2026-08-31T16:23:55,read,3,4994,66,329
253.13,2026-08-31T16:23:56,read,3,4992,66,329
253.70,2026-08-31T16:23:56,read,3,4996,66,329
254.28,2026-08-31T16:23:57,read,3,4995,66,329
254.86,2026-08-31T16:23:58,read,3,4997,66,329
255.44,2026-08-31T16:23:58,read,3,4998,66,329
256.02,2026-08-31T16:23:59,read,3,4997,67,334
256.60,2026-08-31T16:23:59,read,3,4997,66,329
257.18,2026-08-31T16:24:00,read,3,4997,66,329
257.76,2026-08-31T16:24:00,read,3,4996,67,334
258.34,2026-08-31T16:24:01,read,3,4997,66,329
258.92,2026-08-31T16:24:02,read,3,4997,66,329
259.48,2026-08-31T16:24:02,read,3,4994,66,329
260.06,2026-08-31T16:24:03,read,3,4994,66,329
260.63,2026-08-31T16:24:03,read,3,4995,66,329
261.21,2026-08-31T16:24:04,read,3,4997,66,329
261.80,2026-08-31T16:24:04,read,3,4997,66,329
262.37,2026-08-31T16:24:05,read,3,4996,66,329
262.94,2026-08-31T16:24:06,read,3,4996,66,329
263.51,2026-08-31T16:24:06,read,3,4998,67,334
264.08,2026-08-31T16:24:07,read,3,4997,66,329
264.66,2026-08-31T16:24:07,read,3,4998,66,329
265.25,2026-08-31T16:24:08,read,3,4998,67,334
265.82,2026-08-31T16:24:08,read,3,4998,66,329
266.39,2026-08-31T16:24:09,read,3,4997,66,329
266.97,2026-08-31T16:24:10,read,3,4998,67,334
267.54,2026-08-31T16:24:10,read,3,4997,66,329
268.11,2026-08-31T16:24:11,read,3,4995,66,329
268.69,2026-08-31T16:24:11,read,3,4998,66,329
269.26,2026-08-31T16:24:12,read,3,4996,67,334
269.83,2026-08-31T16:24:12,read,3,4996,66,329
270.40,2026-08-31T16:24:13,read,3,4996,66,329
270.98,2026-08-31T16:24:14,read,3,4997,67,334
271.55,2026-08-31T16:24:14,read,3,4996,66,329
272.13,2026-08-31T16:24:15,read,3,4997,66,329
272.70,2026-08-31T16:24:15,read,3,4997,66,329
273.28,2026-08-31T16:24:16,read,3,4996,67,334
273.85,2026-08-31T16:24:17,read,3,4997,66,329
274.42,2026-08-31T16:24:17,read,3,4996,66,329
274.99,2026-08-31T16:24:18,read,3,4998,67,334
275.57,2026-08-31T16:24:18,read,3,4997,66,329
276.15,2026-08-31T16:24:19,read,3,4995,65,324
276.71,2026-08-31T16:24:19,read,3,4996,66,329
277.29,2026-08-31T16:24:20,read,3,4997,67,334
277.86,2026-08-31T16:24:21,read,3,4996,66,329
278.44,2026-08-31T16:24:21,read,3,4996,66,329
279.03,2026-08-31T16:24:22,read,3,4997,67,334
279.60,2026-08-31T16:24:22,read,3,4998,66,329
280.18,2026-08-31T16:24:23,read,3,4997,66,329
280.75,2026-08-31T16:24:23,read,3,4997,67,334
281.33,2026-08-31T16:24:24,read,3,4996,66,329
281.91,2026-08-31T16:24:25,read,3,4995,66,329
282.48,2026-08-31T16:24:25,read,3,4997,66,329
283.06,2026-08-31T16:24:26,read,3,4996,66,329
283.62,2026-08-31T16:24:26,read,3,4997,66,329
284.21,2026-08-31T16:24:27,read,3,4996,66,329
284.80,2026-08-31T16:24:27,read,3,4996,67,334
285.36,2026-08-31T16:24:28,read,3,4999,66,329
285.94,2026-08-31T16:24:29,read,3,4998,67,334
286.52,2026-08-31T16:24:29,read,3,4997,67,334
287.10,2026-08-31T16:24:30,read,3,4997,66,329
287.67,2026-08-31T16:24:30,read,3,4996,66,329
288.25,2026-08-31T16:24:31,read,3,4997,67,334
288.82,2026-08-31T16:24:31,read,3,4997,66,329
289.39,2026-08-31T16:24:32,read,3,4996,66,329
289.96,2026-08-31T16:24:33,read,3,4996,66,329
290.53,2026-08-31T16:24:33,read,3,4997,66,329
291.10,2026-08-31T16:24:34,read,3,4997,66,329
291.68,2026-08-31T16:24:34,read,3,4997,66,329
292.26,2026-08-31T16:24:35,read,3,4995,66,329
292.84,2026-08-31T16:24:35,read,3,4994,66,329
293.43,2026-08-31T16:24:36,read,3,4994,66,329
294.00,2026-08-31T16:24:37,read,3,4995,66,329
294.56,2026-08-31T16:24:37,read,3,4994,66,329
295.13,2026-08-31T16:24:38,read,3,4995,65,324
295.71,2026-08-31T16:24:38,read,3,4997,66,329
296.29,2026-08-31T16:24:39,read,3,4997,66,329
296.87,2026-08-31T16:24:40,read,3,4999,66,329
297.44,2026-08-31T16:24:40,read,3,4998,66,329
298.02,2026-08-31T16:24:41,read,3,4996,66,329
298.59,2026-08-31T16:24:41,read,3,4995,66,329
299.18,2026-08-31T16:24:42,read,3,4997,66,329
299.76,2026-08-31T16:24:42,read,3,4998,67,334
300.33,2026-08-31T16:24:43,read,3,4997,66,329
300.91,2026-08-31T16:24:44,read,3,4997,66,329
301.48,2026-08-31T16:24:44,read,3,4997,67,334
302.05,2026-08-31T16:24:45,read,3,4997,66,329
302.62,2026-08-31T16:24:45,read,3,4996,66,329
303.20,2026-08-31T16:24:46,read,3,4998,67,334
303.76,2026-08-31T16:24:46,read,3,4996,66,329
304.34,2026-08-31T16:24:47,read,3,4995,66,329
304.92,2026-08-31T16:24:48,read,3,4996,66,329
305.51,2026-08-31T16:24:48,read,3,4997,67,334
306.08,2026-08-31T16:24:49,read,3,4997,66,329
306.65,2026-08-31T16:24:49,read,3,4997,66,329
307.23,2026-08-31T16:24:50,read,3,4997,67,334
307.80,2026-08-31T16:24:50,read,3,4998,66,329
308.37,2026-08-31T16:24:51,read,3,4997,66,329
308.93,2026-08-31T16:24:52,read,3,4996,66,329
309.51,2026-08-31T16:24:52,read,3,4997,67,334
310.08,2026-08-31T16:24:53,read,3,4996,66,329
310.66,2026-08-31T16:24:53,read,3,4998,66,329
311.23,2026-08-31T16:24:54,read,3,4998,67,334
311.81,2026-08-31T16:24:54,read,3,4997,67,334
312.38,2026-08-31T16:24:55,read,3,4998,66,329
312.98,2026-08-31T16:24:56,read,3,4998,67,334
313.55,2026-08-31T16:24:56,read,3,4996,66,329
314.20,2026-08-31T16:24:57,off,4,0,0,0
314.81,2026-08-31T16:24:57,off,4,0,0,0
315.39,2026-08-31T16:24:58,off,4,0,0,0
315.96,2026-08-31T16:24:59,off,4,0,0,0
316.54,2026-08-31T16:24:59,off,4,0,0,0
317.12,2026-08-31T16:25:00,off,4,0,0,0
317.70,2026-08-31T16:25:00,off,4,0,0,0
318.29,2026-08-31T16:25:01,off,4,0,0,0
318.86,2026-08-31T16:25:02,off,4,0,0,0
319.50,2026-08-31T16:25:02,on,4,4995,91,454
320.13,2026-08-31T16:25:03,on,4,4997,86,429
320.71,2026-08-31T16:25:03,on,4,4997,86,429
321.29,2026-08-31T16:25:04,on,4,4995,89,444
321.87,2026-08-31T16:25:05,on,4,4999,90,449
322.45,2026-08-31T16:25:05,idle,4,4998,90,449
323.04,2026-08-31T16:25:06,idle,4,4998,91,454
323.62,2026-08-31T16:25:06,read,4,4999,72,359
324.19,2026-08-31T16:25:07,read,4,4999,68,339
324.77,2026-08-31T16:25:07,read,4,4998,66,329
325.35,2026-08-31T16:25:08,read,4,4996,66,329
325.92,2026-08-31T16:25:09,read,4,4996,66,329
326.50,2026-08-31T16:25:09,read,4,4998,67,334
327.07,2026-08-31T16:25:10,read,4,4996,66,329
327.65,2026-08-31T16:25:10,read,4,4998,66,329
328.22,2026-08-31T16:25:11,read,4,4999,67,334
328.80,2026-08-31T16:25:11,read,4,4998,66,329
329.38,2026-08-31T16:25:12,read,4,4998,66,329
329.95,2026-08-31T16:25:13,read,4,4997,67,334
330.52,2026-08-31T16:25:13,read,4,4998,67,334
331.10,2026-08-31T16:25:14,read,4,4998,66,329
331.68,2026-08-31T16:25:14,read,4,4999,67,334
332.27,2026-08-31T16:25:15,read,4,4997,67,334
332.83,2026-08-31T16:25:15,read,4,4996,66,329
333.40,2026-08-31T16:25:16,read,4,4996,66,329
333.98,2026-08-31T16:25:17,read,4,4997,67,334
334.56,2026-08-31T16:25:17,read,4,4998,66,329
335.14,2026-08-31T16:25:18,read,4,4998,66,329
335.72,2026-08-31T16:25:18,read,4,4998,67,334
336.29,2026-08-31T16:25:19,read,4,5000,67,335
336.86,2026-08-31T16:25:20,read,4,5000,66,330
337.44,2026-08-31T16:25:20,read,4,5000,67,335
338.01,2026-08-31T16:25:21,read,4,4997,66,329
338.59,2026-08-31T16:25:21,read,4,4999,66,329
339.16,2026-08-31T16:25:22,read,4,5001,67,335
339.73,2026-08-31T16:25:22,read,4,5001,67,335
340.31,2026-08-31T16:25:23,read,4,4998,66,329
340.88,2026-08-31T16:25:24,read,4,4998,66,329
341.47,2026-08-31T16:25:24,read,4,4996,67,334
342.04,2026-08-31T16:25:25,read,4,4997,66,329
342.63,2026-08-31T16:25:25,read,4,4997,66,329
343.20,2026-08-31T16:25:26,read,4,4998,67,334
343.78,2026-08-31T16:25:26,read,4,4998,66,329
344.36,2026-08-31T16:25:27,read,4,4999,66,329
344.94,2026-08-31T16:25:28,read,4,4999,67,334
345.52,2026-08-31T16:25:28,read,4,4999,66,329
346.10,2026-08-31T16:25:29,read,4,4999,66,329
346.67,2026-08-31T16:25:29,read,4,4999,67,334
347.25,2026-08-31T16:25:30,read,4,4999,66,329
347.83,2026-08-31T16:25:30,read,4,4998,66,329
348.42,2026-08-31T16:25:31,read,4,4998,67,334
349.01,2026-08-31T16:25:32,read,4,4998,66,329
349.58,2026-08-31T16:25:32,read,4,4998,67,334
350.17,2026-08-31T16:25:33,read,4,5000,67,335
350.73,2026-08-31T16:25:33,read,4,4997,66,329
351.31,2026-08-31T16:25:34,read,4,4999,67,334
351.90,2026-08-31T16:25:35,read,4,5000,67,335
352.49,2026-08-31T16:25:35,read,4,4999,67,334
353.05,2026-08-31T16:25:36,read,4,4999,67,334
353.63,2026-08-31T16:25:36,read,4,4999,67,334
354.20,2026-08-31T16:25:37,read,4,4999,66,329
354.77,2026-08-31T16:25:37,read,4,4998,67,334
355.37,2026-08-31T16:25:38,read,4,4998,67,334
355.94,2026-08-31T16:25:39,read,4,4997,66,329
356.52,2026-08-31T16:25:39,read,4,4997,67,334
357.09,2026-08-31T16:25:40,read,4,5000,67,335
357.68,2026-08-31T16:25:40,read,4,4999,66,329
358.27,2026-08-31T16:25:41,read,4,4998,67,334
358.85,2026-08-31T16:25:42,read,4,4997,66,329
359.46,2026-08-31T16:25:42,read,4,4999,67,334
360.03,2026-08-31T16:25:43,read,4,5000,66,330
360.61,2026-08-31T16:25:43,read,4,5000,67,335
361.18,2026-08-31T16:25:44,read,4,4999,67,334
361.77,2026-08-31T16:25:44,read,4,4999,67,334
362.35,2026-08-31T16:25:45,read,4,4998,67,334
362.92,2026-08-31T16:25:46,read,4,4998,67,334
363.49,2026-08-31T16:25:46,read,4,4998,66,329
364.09,2026-08-31T16:25:47,read,4,5000,67,335
364.66,2026-08-31T16:25:47,read,4,5000,67,335
365.23,2026-08-31T16:25:48,read,4,4999,66,329
365.80,2026-08-31T16:25:48,read,4,4999,66,329
366.37,2026-08-31T16:25:49,read,4,4998,67,334
366.95,2026-08-31T16:25:50,read,4,4999,67,334
367.53,2026-08-31T16:25:50,read,4,4999,66,329
368.10,2026-08-31T16:25:51,read,4,4998,67,334
368.68,2026-08-31T16:25:51,read,4,4998,67,334
369.26,2026-08-31T16:25:52,read,4,4997,66,329
369.83,2026-08-31T16:25:52,read,4,4999,67,334
370.41,2026-08-31T16:25:53,read,4,4997,67,334
370.99,2026-08-31T16:25:54,read,4,4996,66,329
371.57,2026-08-31T16:25:54,read,4,4998,67,334
372.15,2026-08-31T16:25:55,read,4,4999,67,334
372.72,2026-08-31T16:25:55,read,4,4997,66,329
373.30,2026-08-31T16:25:56,read,4,4998,67,334
373.88,2026-08-31T16:25:57,read,4,4999,67,334
374.46,2026-08-31T16:25:57,read,4,4998,66,329
375.04,2026-08-31T16:25:58,read,4,4997,67,334
375.62,2026-08-31T16:25:58,read,4,4996,66,329
376.20,2026-08-31T16:25:59,read,4,4999,66,329
376.77,2026-08-31T16:25:59,read,4,4998,67,334
377.35,2026-08-31T16:26:00,read,4,4997,67,334
377.93,2026-08-31T16:26:01,read,4,4997,66,329
378.49,2026-08-31T16:26:01,read,4,4999,67,334
379.07,2026-08-31T16:26:02,read,4,5000,67,335
379.65,2026-08-31T16:26:02,read,4,4999,66,329
380.22,2026-08-31T16:26:03,read,4,4997,66,329
380.81,2026-08-31T16:26:03,read,4,4998,67,334
381.38,2026-08-31T16:26:04,read,4,4997,66,329
381.95,2026-08-31T16:26:05,read,4,4999,66,329
382.52,2026-08-31T16:26:05,read,4,4997,66,329
383.10,2026-08-31T16:26:06,read,4,4999,67,334
383.68,2026-08-31T16:26:06,read,4,4998,66,329
384.25,2026-08-31T16:26:07,read,4,4998,66,329
384.82,2026-08-31T16:26:07,read,4,4999,67,334
385.39,2026-08-31T16:26:08,read,4,4996,66,329
385.97,2026-08-31T16:26:09,read,4,4999,66,329
386.57,2026-08-31T16:26:09,read,4,4999,67,334
387.14,2026-08-31T16:26:10,read,4,4998,66,329
387.71,2026-08-31T16:26:10,read,4,4997,66,329
388.29,2026-08-31T16:26:11,read,4,4997,67,334
388.87,2026-08-31T16:26:12,read,4,4997,66,329
389.47,2026-08-31T16:26:12,read,4,4998,67,334
390.04,2026-08-31T16:26:13,read,4,4997,66,329
390.62,2026-08-31T16:26:13,read,4,4997,66,329
391.19,2026-08-31T16:26:14,read,4,4997,67,334
391.77,2026-08-31T16:26:14,read,4,4996,67,334
392.35,2026-08-31T16:26:15,read,4,4997,66,329
392.93,2026-08-31T16:26:16,read,4,4999,67,334
393.50,2026-08-31T16:26:16,read,4,4999,67,334
394.07,2026-08-31T16:26:17,read,4,5000,66,330
394.65,2026-08-31T16:26:17,read,4,4998,67,334
395.22,2026-08-31T16:26:18,read,4,5000,67,335
395.81,2026-08-31T16:26:18,read,4,5000,67,335
396.38,2026-08-31T16:26:19,read,4,5000,66,330
396.95,2026-08-31T16:26:20,read,4,4998,67,334
397.52,2026-08-31T16:26:20,read,4,5000,67,335
398.09,2026-08-31T16:26:21,read,4,4999,66,329
398.68,2026-08-31T16:26:21,read,4,4999,67,334
399.27,2026-08-31T16:26:22,read,4,4998,67,334
399.85,2026-08-31T16:26:23,read,4,4997,66,329
400.42,2026-08-31T16:26:23,read,4,4997,67,334
400.99,2026-08-31T16:26:24,read,4,4997,66,329
401.56,2026-08-31T16:26:24,read,4,4998,66,329
402.14,2026-08-31T16:26:25,read,4,5000,67,335
402.73,2026-08-31T16:26:25,read,4,5000,67,335
403.30,2026-08-31T16:26:26,read,4,4999,66,329
403.88,2026-08-31T16:26:27,read,4,4997,66,329
404.46,2026-08-31T16:26:27,read,4,4999,67,334
405.03,2026-08-31T16:26:28,read,4,4998,66,329
405.61,2026-08-31T16:26:28,read,4,4998,67,334
406.19,2026-08-31T16:26:29,read,4,4998,67,334
406.77,2026-08-31T16:26:29,read,4,4998,66,329
407.34,2026-08-31T16:26:30,read,4,4998,66,329
407.92,2026-08-31T16:26:31,read,4,4996,66,329
408.50,2026-08-31T16:26:31,read,4,4998,66,329
409.06,2026-08-31T16:26:32,read,4,4999,66,329
409.64,2026-08-31T16:26:32,read,4,4997,67,334
410.22,2026-08-31T16:26:33,read,4,4997,66,329
410.80,2026-08-31T16:26:33,read,4,4996,66,329
411.37,2026-08-31T16:26:34,read,4,4995,66,329
411.95,2026-08-31T16:26:35,read,4,4997,66,329
412.53,2026-08-31T16:26:35,read,4,4998,66,329
413.10,2026-08-31T16:26:36,read,4,4998,67,334
413.68,2026-08-31T16:26:36,read,4,4998,67,334
414.26,2026-08-31T16:26:37,read,4,4997,66,329
414.84,2026-08-31T16:26:37,read,4,4997,67,334
415.42,2026-08-31T16:26:38,read,4,4997,66,329
415.99,2026-08-31T16:26:39,read,4,4996,66,329
416.57,2026-08-31T16:26:39,read,4,5000,67,335
417.15,2026-08-31T16:26:40,read,4,4999,66,329
417.74,2026-08-31T16:26:40,read,4,4998,66,329
418.31,2026-08-31T16:26:41,read,4,4997,67,334
418.95,2026-08-31T16:26:42,off,5,10,0,0
419.56,2026-08-31T16:26:42,off,5,0,0,0
420.14,2026-08-31T16:26:43,off,5,0,0,0
420.72,2026-08-31T16:26:43,off,5,0,0,0
421.31,2026-08-31T16:26:44,off,5,0,0,0
421.88,2026-08-31T16:26:45,off,5,0,0,0
422.45,2026-08-31T16:26:45,off,5,0,0,0
423.04,2026-08-31T16:26:46,off,5,0,0,0
423.61,2026-08-31T16:26:46,off,5,0,0,0
424.24,2026-08-31T16:26:47,on,5,4995,91,454
424.85,2026-08-31T16:26:48,on,5,4994,86,429
425.44,2026-08-31T16:26:48,on,5,4997,86,429
426.02,2026-08-31T16:26:49,on,5,4998,89,444
426.58,2026-08-31T16:26:49,on,5,4999,90,449
427.16,2026-08-31T16:26:50,idle,5,4999,90,449
427.73,2026-08-31T16:26:50,idle,5,4998,91,454
428.31,2026-08-31T16:26:51,read,5,4996,72,359
428.89,2026-08-31T16:26:52,read,5,4997,68,339
429.47,2026-08-31T16:26:52,read,5,4997,66,329
430.06,2026-08-31T16:26:53,read,5,4996,66,329
430.63,2026-08-31T16:26:53,read,5,4997,67,334
431.21,2026-08-31T16:26:54,read,5,4994,66,329
431.79,2026-08-31T16:26:54,read,5,4997,66,329
432.36,2026-08-31T16:26:55,read,5,4995,66,329
432.94,2026-08-31T16:26:56,read,5,4997,67,334
433.52,2026-08-31T16:26:56,read,5,4997,66,329
434.09,2026-08-31T16:26:57,read,5,4998,67,334
434.67,2026-08-31T16:26:57,read,5,4997,66,329
435.25,2026-08-31T16:26:58,read,5,4998,66,329
435.83,2026-08-31T16:26:58,read,5,4997,67,334
436.41,2026-08-31T16:26:59,read,5,4997,66,329
436.99,2026-08-31T16:27:00,read,5,4995,66,329
437.55,2026-08-31T16:27:00,read,5,4998,67,334
438.12,2026-08-31T16:27:01,read,5,4995,67,334
438.69,2026-08-31T16:27:01,read,5,4997,66,329
439.27,2026-08-31T16:27:02,read,5,4995,66,329
439.86,2026-08-31T16:27:03,read,5,4996,66,329
440.43,2026-08-31T16:27:03,read,5,4996,66,329
441.00,2026-08-31T16:27:04,read,5,4995,66,329
441.58,2026-08-31T16:27:04,read,5,4997,67,334
442.16,2026-08-31T16:27:05,read,5,4996,66,329
442.73,2026-08-31T16:27:05,read,5,4996,66,329
443.31,2026-08-31T16:27:06,read,5,4996,66,329
443.89,2026-08-31T16:27:07,read,5,4997,67,334
444.47,2026-08-31T16:27:07,read,5,4997,66,329
445.05,2026-08-31T16:27:08,read,5,4997,67,334
445.62,2026-08-31T16:27:08,read,5,4995,66,329
446.21,2026-08-31T16:27:09,read,5,4995,66,329
446.78,2026-08-31T16:27:09,read,5,4995,67,334
447.36,2026-08-31T16:27:10,read,5,4995,66,329
447.94,2026-08-31T16:27:11,read,5,4997,66,329
448.51,2026-08-31T16:27:11,read,5,4997,67,334
449.10,2026-08-31T16:27:12,read,5,4997,66,329
449.69,2026-08-31T16:27:12,read,5,4997,66,329
450.27,2026-08-31T16:27:13,read,5,4997,67,334
450.84,2026-08-31T16:27:14,read,5,4997,66,329
451.43,2026-08-31T16:27:14,read,5,4997,66,329
452.01,2026-08-31T16:27:15,read,5,4998,67,334
452.59,2026-08-31T16:27:15,read,5,4997,66,329
453.16,2026-08-31T16:27:16,read,5,4996,66,329
453.74,2026-08-31T16:27:16,read,5,4997,67,334
454.31,2026-08-31T16:27:17,read,5,4997,66,329
454.90,2026-08-31T16:27:18,read,5,4998,66,329
455.47,2026-08-31T16:27:18,read,5,4997,66,329
456.05,2026-08-31T16:27:19,read,5,4998,66,329
456.62,2026-08-31T16:27:19,read,5,4997,66,329
457.20,2026-08-31T16:27:20,read,5,4998,67,334
457.78,2026-08-31T16:27:20,read,5,4996,66,329
458.36,2026-08-31T16:27:21,read,5,4996,66,329
458.93,2026-08-31T16:27:22,read,5,4994,66,329
459.51,2026-08-31T16:27:22,read,5,4996,66,329
460.08,2026-08-31T16:27:23,read,5,4996,66,329
460.64,2026-08-31T16:27:23,read,5,4996,66,329
461.22,2026-08-31T16:27:24,read,5,4997,67,334
461.80,2026-08-31T16:27:24,read,5,4997,66,329
462.37,2026-08-31T16:27:25,read,5,4997,66,329
462.95,2026-08-31T16:27:26,read,5,4997,67,334
463.52,2026-08-31T16:27:26,read,5,4996,66,329
464.09,2026-08-31T16:27:27,read,5,4996,66,329
464.68,2026-08-31T16:27:27,read,5,4998,67,334
465.25,2026-08-31T16:27:28,read,5,4997,66,329
465.83,2026-08-31T16:27:28,read,5,4997,66,329
466.40,2026-08-31T16:27:29,read,5,4996,66,329
466.98,2026-08-31T16:27:30,read,5,4996,66,329
467.56,2026-08-31T16:27:30,read,5,4996,66,329
468.14,2026-08-31T16:27:31,read,5,4996,67,334
468.72,2026-08-31T16:27:31,read,5,4997,66,329
469.30,2026-08-31T16:27:32,read,5,4995,66,329
469.86,2026-08-31T16:27:33,read,5,4995,66,329
470.44,2026-08-31T16:27:33,read,5,4995,66,329
471.01,2026-08-31T16:27:34,read,5,4996,66,329
471.59,2026-08-31T16:27:34,read,5,4998,66,329
472.16,2026-08-31T16:27:35,read,5,4996,67,334
472.73,2026-08-31T16:27:35,read,5,4996,66,329
473.31,2026-08-31T16:27:36,read,5,4997,66,329
473.89,2026-08-31T16:27:37,read,5,4997,67,334
474.47,2026-08-31T16:27:37,read,5,4996,66,329
475.05,2026-08-31T16:27:38,read,5,4996,66,329
475.62,2026-08-31T16:27:38,read,5,4997,67,334
476.21,2026-08-31T16:27:39,read,5,4996,66,329
476.78,2026-08-31T16:27:39,read,5,4997,66,329
477.35,2026-08-31T16:27:40,read,5,4997,66,329
477.92,2026-08-31T16:27:41,read,5,4997,67,334
478.49,2026-08-31T16:27:41,read,5,4997,66,329
479.08,2026-08-31T16:27:42,read,5,4996,66,329
479.66,2026-08-31T16:27:42,read,5,4998,67,334
480.24,2026-08-31T16:27:43,read,5,4996,66,329
480.82,2026-08-31T16:27:43,read,5,4999,67,334
481.38,2026-08-31T16:27:44,read,5,4998,67,334
481.95,2026-08-31T16:27:45,read,5,4998,67,334
482.52,2026-08-31T16:27:45,read,5,4997,66,329
483.09,2026-08-31T16:27:46,read,5,4998,67,334
483.68,2026-08-31T16:27:46,read,5,4996,66,329
484.26,2026-08-31T16:27:47,read,5,4995,66,329
484.83,2026-08-31T16:27:47,read,5,4998,66,329
485.39,2026-08-31T16:27:48,read,5,4995,66,329
485.97,2026-08-31T16:27:49,read,5,4995,66,329
486.54,2026-08-31T16:27:49,read,5,4995,66,329
487.11,2026-08-31T16:27:50,read,5,4997,66,329
487.70,2026-08-31T16:27:50,read,5,4998,67,334
488.28,2026-08-31T16:27:51,read,5,4996,66,329
488.86,2026-08-31T16:27:52,read,5,4997,67,334
489.45,2026-08-31T16:27:52,read,5,4996,66,329
490.02,2026-08-31T16:27:53,read,5,4998,66,329
490.60,2026-08-31T16:27:53,read,5,4995,66,329
491.18,2026-08-31T16:27:54,read,5,4996,66,329
491.75,2026-08-31T16:27:54,read,5,4996,66,329
492.33,2026-08-31T16:27:55,read,5,4997,67,334
492.91,2026-08-31T16:27:56,read,5,4995,66,329
493.47,2026-08-31T16:27:56,read,5,4997,66,329
494.05,2026-08-31T16:27:57,read,5,4997,66,329
494.62,2026-08-31T16:27:57,read,5,4997,67,334
495.19,2026-08-31T16:27:58,read,5,4996,66,329
495.76,2026-08-31T16:27:58,read,5,4997,66,329
496.34,2026-08-31T16:27:59,read,5,4997,67,334
496.92,2026-08-31T16:28:00,read,5,4996,66,329
497.50,2026-08-31T16:28:00,read,5,4996,66,329
498.08,2026-08-31T16:28:01,read,5,4997,67,334
498.66,2026-08-31T16:28:01,read,5,4997,66,329
499.25,2026-08-31T16:28:02,read,5,4995,66,329
499.82,2026-08-31T16:28:02,read,5,4996,67,334
500.40,2026-08-31T16:28:03,read,5,4995,66,329
500.97,2026-08-31T16:28:04,read,5,4997,66,329
501.54,2026-08-31T16:28:04,read,5,4997,67,334
502.11,2026-08-31T16:28:05,read,5,4998,66,329
502.68,2026-08-31T16:28:05,read,5,4994,65,324
503.26,2026-08-31T16:28:06,read,5,4996,66,329
503.83,2026-08-31T16:28:06,read,5,4996,67,334
504.39,2026-08-31T16:28:07,read,5,4997,66,329
504.97,2026-08-31T16:28:08,read,5,4996,66,329
505.54,2026-08-31T16:28:08,read,5,4997,66,329
506.12,2026-08-31T16:28:09,read,5,4997,67,334
506.70,2026-08-31T16:28:09,read,5,4996,66,329
507.27,2026-08-31T16:28:10,read,5,4997,66,329
507.85,2026-08-31T16:28:11,read,5,4998,67,334
508.43,2026-08-31T16:28:11,read,5,4998,66,329
509.01,2026-08-31T16:28:12,read,5,4997,66,329
509.59,2026-08-31T16:28:12,read,5,4995,66,329
510.16,2026-08-31T16:28:13,read,5,4996,66,329
510.74,2026-08-31T16:28:13,read,5,4996,66,329
511.33,2026-08-31T16:28:14,read,5,4995,66,329
511.90,2026-08-31T16:28:15,read,5,4996,66,329
512.47,2026-08-31T16:28:15,read,5,4997,66,329
513.04,2026-08-31T16:28:16,read,5,4996,66,329
513.62,2026-08-31T16:28:16,read,5,4998,66,329
514.19,2026-08-31T16:28:17,read,5,4997,66,329
514.76,2026-08-31T16:28:17,read,5,4997,66,329
515.34,2026-08-31T16:28:18,read,5,4997,67,334
515.92,2026-08-31T16:28:19,read,5,4996,66,329
516.48,2026-08-31T16:28:19,read,5,4994,65,324
517.06,2026-08-31T16:28:20,read,5,4995,66,329
517.63,2026-08-31T16:28:20,read,5,4995,66,329
518.20,2026-08-31T16:28:21,read,5,4995,66,329
518.77,2026-08-31T16:28:21,read,5,4995,66,329
519.35,2026-08-31T16:28:22,read,5,4995,66,329
519.92,2026-08-31T16:28:23,read,5,4995,66,329
520.49,2026-08-31T16:28:23,read,5,4995,65,324
521.07,2026-08-31T16:28:24,read,5,4996,66,329
521.65,2026-08-31T16:28:24,read,5,4996,66,329
522.22,2026-08-31T16:28:25,read,5,4996,65,324
522.79,2026-08-31T16:28:25,read,5,4994,66,329
523.57,2026-08-31T16:28:26,off,6,0,0,0
524.17,2026-08-31T16:28:27,off,6,0,0,0
524.74,2026-08-31T16:28:27,off,6,0,0,0
525.32,2026-08-31T16:28:28,off,6,0,0,0
525.91,2026-08-31T16:28:29,off,6,0,0,0
526.50,2026-08-31T16:28:29,off,6,0,0,0
527.09,2026-08-31T16:28:30,off,6,0,0,0
527.66,2026-08-31T16:28:30,off,6,0,0,0
528.24,2026-08-31T16:28:31,off,6,0,0,0
528.86,2026-08-31T16:28:32,on,6,4998,92,459
529.49,2026-08-31T16:28:32,on,6,4996,86,429
530.07,2026-08-31T16:28:33,on,6,4994,85,424
530.64,2026-08-31T16:28:33,on,6,4995,89,444
531.22,2026-08-31T16:28:34,on,6,4995,89,444
531.79,2026-08-31T16:28:34,idle,6,4996,89,444
532.42,2026-08-31T16:28:35,read,6,4998,91,454
532.99,2026-08-31T16:28:36,read,6,4994,67,334
533.56,2026-08-31T16:28:36,read,6,4997,68,339
534.14,2026-08-31T16:28:37,read,6,4997,65,324
534.71,2026-08-31T16:28:37,read,6,4995,67,334
535.28,2026-08-31T16:28:38,read,6,4996,67,334
535.86,2026-08-31T16:28:39,read,6,4996,67,334
536.44,2026-08-31T16:28:39,read,6,4995,66,329
537.01,2026-08-31T16:28:40,read,6,4995,66,329
537.59,2026-08-31T16:28:40,read,6,4997,67,334
538.17,2026-08-31T16:28:41,read,6,4995,66,329
538.75,2026-08-31T16:28:41,read,6,4994,66,329
539.33,2026-08-31T16:28:42,read,6,4993,66,329
539.90,2026-08-31T16:28:43,read,6,4996,65,324
540.49,2026-08-31T16:28:43,read,6,4996,66,329
541.06,2026-08-31T16:28:44,read,6,4997,66,329
541.63,2026-08-31T16:28:44,read,6,4996,66,329
542.22,2026-08-31T16:28:45,read,6,4996,66,329
542.79,2026-08-31T16:28:45,read,6,4996,66,329
543.37,2026-08-31T16:28:46,read,6,4995,65,324
543.94,2026-08-31T16:28:47,read,6,4995,66,329
544.51,2026-08-31T16:28:47,read,6,4995,67,334
545.08,2026-08-31T16:28:48,read,6,4995,66,329
545.65,2026-08-31T16:28:48,read,6,4995,66,329
546.23,2026-08-31T16:28:49,read,6,4996,66,329
546.81,2026-08-31T16:28:49,read,6,4997,67,334
547.38,2026-08-31T16:28:50,read,6,4993,65,324
547.95,2026-08-31T16:28:51,read,6,4996,66,329
548.53,2026-08-31T16:28:51,read,6,4997,67,334
549.10,2026-08-31T16:28:52,read,6,4997,66,329
549.69,2026-08-31T16:28:52,read,6,4995,66,329
550.26,2026-08-31T16:28:53,read,6,4995,67,334
550.83,2026-08-31T16:28:53,read,6,4995,66,329
551.42,2026-08-31T16:28:54,read,6,4994,66,329
551.99,2026-08-31T16:28:55,read,6,4994,66,329
552.57,2026-08-31T16:28:55,read,6,4994,66,329
553.14,2026-08-31T16:28:56,read,6,4996,66,329
553.73,2026-08-31T16:28:56,read,6,4997,67,334
554.31,2026-08-31T16:28:57,read,6,4995,66,329
554.88,2026-08-31T16:28:58,read,6,4994,66,329
555.47,2026-08-31T16:28:58,read,6,4995,66,329
556.04,2026-08-31T16:28:59,read,6,4996,66,329
556.62,2026-08-31T16:28:59,read,6,4994,65,324
557.19,2026-08-31T16:29:00,read,6,4996,67,334
557.78,2026-08-31T16:29:00,read,6,4998,66,329
558.35,2026-08-31T16:29:01,read,6,4997,66,329
558.93,2026-08-31T16:29:02,read,6,4997,67,334
559.49,2026-08-31T16:29:02,read,6,4998,67,334
560.07,2026-08-31T16:29:03,read,6,4998,66,329
560.64,2026-08-31T16:29:03,read,6,4997,66,329
561.21,2026-08-31T16:29:04,read,6,4998,67,334
561.78,2026-08-31T16:29:04,read,6,4996,66,329
562.36,2026-08-31T16:29:05,read,6,4997,66,329
562.92,2026-08-31T16:29:06,read,6,4996,66,329
563.50,2026-08-31T16:29:06,read,6,4997,66,329
564.08,2026-08-31T16:29:07,read,6,4996,66,329
564.66,2026-08-31T16:29:07,read,6,4997,66,329
565.25,2026-08-31T16:29:08,read,6,4996,66,329
565.84,2026-08-31T16:29:08,read,6,4995,65,324
566.41,2026-08-31T16:29:09,read,6,4996,66,329
566.97,2026-08-31T16:29:10,read,6,4995,66,329
567.53,2026-08-31T16:29:10,read,6,4995,66,329
568.10,2026-08-31T16:29:11,read,6,4994,65,324
568.68,2026-08-31T16:29:11,read,6,4994,66,329
569.26,2026-08-31T16:29:12,read,6,4994,66,329
569.83,2026-08-31T16:29:12,read,6,4996,66,329
570.40,2026-08-31T16:29:13,read,6,4995,66,329
570.98,2026-08-31T16:29:14,read,6,4994,66,329
571.55,2026-08-31T16:29:14,read,6,4995,66,329
572.13,2026-08-31T16:29:15,read,6,4993,65,324
572.71,2026-08-31T16:29:15,read,6,4994,66,329
573.29,2026-08-31T16:29:16,read,6,4997,66,329
573.86,2026-08-31T16:29:17,read,6,4994,65,324
574.44,2026-08-31T16:29:17,read,6,4994,66,329
575.02,2026-08-31T16:29:18,read,6,4996,66,329
575.60,2026-08-31T16:29:18,read,6,4995,65,324
576.18,2026-08-31T16:29:19,read,6,4995,66,329
576.74,2026-08-31T16:29:19,read,6,4995,66,329
577.32,2026-08-31T16:29:20,read,6,4994,65,324
577.89,2026-08-31T16:29:21,read,6,4995,66,329
578.47,2026-08-31T16:29:21,read,6,4991,66,329
579.04,2026-08-31T16:29:22,read,6,4993,65,324
579.61,2026-08-31T16:29:22,read,6,4994,65,324
580.18,2026-08-31T16:29:23,read,6,4994,66,329
580.76,2026-08-31T16:29:23,read,6,4995,66,329
581.33,2026-08-31T16:29:24,read,6,4995,66,329
581.91,2026-08-31T16:29:25,read,6,4996,66,329
582.48,2026-08-31T16:29:25,read,6,4995,66,329
583.05,2026-08-31T16:29:26,read,6,4996,66,329
583.63,2026-08-31T16:29:26,read,6,4996,66,329
584.21,2026-08-31T16:29:27,read,6,4995,66,329
584.78,2026-08-31T16:29:27,read,6,4996,66,329
585.36,2026-08-31T16:29:28,read,6,4995,66,329
585.95,2026-08-31T16:29:29,read,6,4995,66,329
586.52,2026-08-31T16:29:29,read,6,4994,66,329
587.10,2026-08-31T16:29:30,read,6,4995,65,324
587.69,2026-08-31T16:29:30,read,6,4995,66,329
588.27,2026-08-31T16:29:31,read,6,4993,65,324
588.85,2026-08-31T16:29:32,read,6,4994,66,329
589.42,2026-08-31T16:29:32,read,6,4993,66,329
590.01,2026-08-31T16:29:33,read,6,4995,65,324
590.58,2026-08-31T16:29:33,read,6,4994,66,329
591.14,2026-08-31T16:29:34,read,6,4994,66,329
591.72,2026-08-31T16:29:34,read,6,4994,66,329
592.29,2026-08-31T16:29:35,read,6,4993,65,324
592.88,2026-08-31T16:29:36,read,6,4992,66,329
593.45,2026-08-31T16:29:36,read,6,4994,66,329
594.03,2026-08-31T16:29:37,read,6,4993,65,324
594.60,2026-08-31T16:29:37,read,6,4995,66,329
595.19,2026-08-31T16:29:38,read,6,4994,66,329
595.78,2026-08-31T16:29:38,read,6,4996,65,324
596.35,2026-08-31T16:29:39,read,6,4992,66,329
596.94,2026-08-31T16:29:40,read,6,4994,65,324
597.51,2026-08-31T16:29:40,read,6,4996,66,329
598.09,2026-08-31T16:29:41,read,6,4996,67,334
598.65,2026-08-31T16:29:41,read,6,4995,66,329
599.23,2026-08-31T16:29:42,read,6,4995,65,324
599.81,2026-08-31T16:29:42,read,6,4995,66,329
600.45,2026-08-31T16:29:43,read,6,4995,66,329
601.03,2026-08-31T16:29:44,read,6,4995,66,329
601.60,2026-08-31T16:29:44,read,6,4997,66,329
602.19,2026-08-31T16:29:45,read,6,4995,66,329
602.76,2026-08-31T16:29:45,read,6,4996,66,329
603.34,2026-08-31T16:29:46,read,6,4996,66,329
603.90,2026-08-31T16:29:47,read,6,4996,66,329
604.49,2026-08-31T16:29:47,read,6,4994,66,329
605.08,2026-08-31T16:29:48,read,6,4995,65,324
605.65,2026-08-31T16:29:48,read,6,4993,66,329
606.23,2026-08-31T16:29:49,read,6,4992,66,329
606.79,2026-08-31T16:29:49,read,6,4995,66,329
607.38,2026-08-31T16:29:50,read,6,4994,66,329
607.94,2026-08-31T16:29:51,read,6,4994,66,329
608.52,2026-08-31T16:29:51,read,6,4996,66,329
609.10,2026-08-31T16:29:52,read,6,4995,65,324
609.68,2026-08-31T16:29:52,read,6,4996,66,329
610.26,2026-08-31T16:29:53,read,6,4995,66,329
610.83,2026-08-31T16:29:53,read,6,4995,65,324
611.41,2026-08-31T16:29:54,read,6,4995,66,329
611.98,2026-08-31T16:29:55,read,6,4995,66,329
612.55,2026-08-31T16:29:55,read,6,4995,65,324
613.13,2026-08-31T16:29:56,read,6,4995,66,329
613.72,2026-08-31T16:29:56,read,6,4994,66,329
614.30,2026-08-31T16:29:57,read,6,4993,65,324
614.88,2026-08-31T16:29:58,read,6,4993,66,329
615.45,2026-08-31T16:29:58,read,6,4994,66,329
616.03,2026-08-31T16:29:59,read,6,4994,66,329
616.61,2026-08-31T16:29:59,read,6,4996,66,329
617.19,2026-08-31T16:30:00,read,6,4996,66,329
617.76,2026-08-31T16:30:00,read,6,4994,65,324
618.34,2026-08-31T16:30:01,read,6,4994,66,329
618.92,2026-08-31T16:30:02,read,6,4993,66,329
619.50,2026-08-31T16:30:02,read,6,4993,65,324
620.08,2026-08-31T16:30:03,read,6,4994,66,329
620.65,2026-08-31T16:30:03,read,6,4993,66,329
621.22,2026-08-31T16:30:04,read,6,4995,66,329
621.81,2026-08-31T16:30:04,read,6,4994,66,329
622.39,2026-08-31T16:30:05,read,6,4994,66,329
622.96,2026-08-31T16:30:06,read,6,4992,65,324
623.53,2026-08-31T16:30:06,read,6,4995,66,329
624.10,2026-08-31T16:30:07,read,6,4996,67,334
624.68,2026-08-31T16:30:07,read,6,4996,66,329
625.26,2026-08-31T16:30:08,read,6,4995,65,324
625.83,2026-08-31T16:30:08,read,6,4995,66,329
626.41,2026-08-31T16:30:09,read,6,4995,66,329
626.97,2026-08-31T16:30:10,read,6,4993,65,324
627.55,2026-08-31T16:30:10,read,6,4994,66,329
