iso,pattern,trial,uniq,match,i_mA,alive
2026-08-31T22:37:35,none,1,1,0,70,
2026-08-31T22:37:49,none,2,1,0,70,
2026-08-31T22:38:03,none,3,1,0,70,
2026-08-31T22:38:17,none,4,1,0,70,
2026-08-31T22:38:31,none,5,1,0,70,
2026-08-31T22:38:45,none,6,1,0,70,
2026-08-31T22:38:58,none,7,1,0,70,
2026-08-31T22:39:12,none,8,1,0,69,
2026-08-31T22:39:26,none,9,4,0,70,
2026-08-31T22:39:40,none,10,1,0,70,
2026-08-31T22:39:54,none,11,1,0,69,
2026-08-31T22:40:08,none,12,1,0,69,
2026-08-31T22:40:21,none,13,1,0,69,
2026-08-31T22:40:35,none,14,1,0,69,
2026-08-31T22:40:49,none,15,1,0,69,
2026-08-31T22:41:03,none,16,1,0,69,
2026-08-31T22:41:17,none,17,1,0,69,
2026-08-31T22:41:31,none,18,1,0,69,
2026-08-31T22:41:45,none,19,1,0,69,
2026-08-31T22:41:58,none,20,1,0,69,
2026-08-31T22:42:15,sanni,1,256,1,68,
2026-08-31T22:42:32,sanni,2,1,0,65,
2026-08-31T22:42:49,sanni,3,1,0,65,
2026-08-31T22:43:06,sanni,4,256,1,66,
2026-08-31T22:43:23,sanni,5,256,1,68,
2026-08-31T22:43:40,sanni,6,256,1,68,
2026-08-31T22:43:57,sanni,7,256,1,68,
2026-08-31T22:44:14,sanni,8,256,1,67,
2026-08-31T22:44:31,sanni,9,256,1,71,
2026-08-31T22:44:48,sanni,10,256,1,72,
2026-08-31T22:45:05,sanni,11,256,1,71,
2026-08-31T22:45:22,sanni,12,256,1,71,
2026-08-31T22:45:39,sanni,13,256,0,71,
2026-08-31T22:45:56,sanni,14,256,1,71,
2026-08-31T22:46:13,sanni,15,256,1,71,
2026-08-31T22:46:30,sanni,16,256,1,71,
2026-08-31T22:46:47,sanni,17,256,0,71,
2026-08-31T22:47:04,sanni,18,1,0,69,
2026-08-31T22:47:21,sanni,19,1,0,69,
2026-08-31T22:47:38,sanni,20,4,0,68,
2026-08-31T22:48:11,c0x6,1,1,0,69,$C0 $C0 $C0 $C0 $C0
2026-08-31T22:48:44,c0x6,2,4,0,68,$C0 $C0
2026-08-31T22:49:16,c0x6,3,256,1,71,$C0 $C0 $C0
2026-08-31T22:49:49,c0x6,4,256,0,71,$C0 $C0 $C0 $C0
2026-08-31T22:50:22,c0x6,5,256,1,71,$C0 $C0 $C0
2026-08-31T22:50:55,c0x6,6,256,1,71,$C0 $C0 $C0
2026-08-31T22:51:27,c0x6,7,256,0,71,$C0 $C0 $C0 $C0
2026-08-31T22:52:00,c0x6,8,256,1,71,$C0 $C0 $C0 $C0
2026-08-31T22:52:33,c0x6,9,4,0,69,$C0 $C0 $C0 $C0
2026-08-31T22:53:06,c0x6,10,256,1,71,$C0 $C0 $C0 $C0
2026-08-31T22:53:38,c0x6,11,256,1,71,$C0 $C0 $C0 $C0 $C0
2026-08-31T22:54:11,c0x6,12,256,1,71,$C0 $C0 $C0 $C0
2026-08-31T22:54:44,c0x6,13,256,1,71,$C0 $C0 $C0 $C0
2026-08-31T22:55:16,c0x6,14,1,0,69,$C0 $C0 $C0 $C0
2026-08-31T22:55:49,c0x6,15,256,1,71,$C0 $C0 $C0
2026-08-31T22:56:22,c0x6,16,256,0,71,$C0 $C0 $C0 $C0 $C0
2026-08-31T22:56:55,c0x6,17,256,1,71,$C0 $C0 $C0 $C0
2026-08-31T22:57:27,c0x6,18,256,1,71,$C0 $C0 $C0
2026-08-31T22:58:00,c0x6,19,256,1,71,$C0 $C0 $C0 $C0
2026-08-31T22:58:33,c0x6,20,256,1,70,$C0 $C0 $C0 $C0
2026-08-31T22:58:50,e0only,1,256,1,71,
2026-08-31T22:59:07,e0only,2,256,1,71,
2026-08-31T22:59:24,e0only,3,256,1,71,
2026-08-31T22:59:41,e0only,4,256,0,71,
2026-08-31T22:59:58,e0only,5,256,0,71,
2026-08-31T23:00:15,e0only,6,256,1,71,
2026-08-31T23:00:32,e0only,7,256,1,71,
2026-08-31T23:00:49,e0only,8,256,1,71,
2026-08-31T23:01:06,e0only,9,256,1,71,
2026-08-31T23:01:23,e0only,10,256,1,71,
2026-08-31T23:01:40,e0only,11,256,1,71,
2026-08-31T23:01:57,e0only,12,256,1,71,
2026-08-31T23:02:14,e0only,13,256,1,71,
2026-08-31T23:02:31,e0only,14,256,1,71,
2026-08-31T23:02:48,e0only,15,256,1,71,
2026-08-31T23:03:05,e0only,16,256,1,72,
2026-08-31T23:03:22,e0only,17,256,1,71,
2026-08-31T23:03:39,e0only,18,256,1,71,
2026-08-31T23:03:56,e0only,19,256,1,71,
2026-08-31T23:04:13,e0only,20,256,1,71,
2026-08-31T23:04:45,full,1,256,1,71,$80 $E0
2026-08-31T23:05:18,full,2,256,1,71,$80
2026-08-31T23:05:51,full,3,256,1,71,$80 $E0
2026-08-31T23:06:23,full,4,256,1,71,$80 $E0
2026-08-31T23:06:56,full,5,256,1,71,$80 $E0
2026-08-31T23:07:29,full,6,256,1,71,$80 $E0
2026-08-31T23:08:01,full,7,256,1,71,$80 $E0
2026-08-31T23:08:34,full,8,256,1,71,$80 $E0
2026-08-31T23:09:07,full,9,256,1,71,$80 $E0
2026-08-31T23:09:39,full,10,256,1,71,
2026-08-31T23:10:12,full,11,256,1,71,$80 $E0
2026-08-31T23:10:45,full,12,256,1,71,$80 $E0
2026-08-31T23:11:17,full,13,256,1,71,$80 $E0
2026-08-31T23:11:50,full,14,256,1,71,$E0
2026-08-31T23:12:23,full,15,256,1,71,$80
2026-08-31T23:12:55,full,16,256,0,71,$80 $E0
2026-08-31T23:13:28,full,17,256,1,71,$E0
2026-08-31T23:14:01,full,18,256,1,71,$80 $E0
2026-08-31T23:14:33,full,19,256,1,71,$E0
2026-08-31T23:15:06,full,20,256,0,71,$80 $E0
